review,sentiment
"Absolutely love this product, great quality and fast delivery",positive
"Terrible experience, item arrived broken and support was rude",negative
"It's okay, does the job but nothing special",neutral
"Best purchase I've made this year, highly recommend",positive
"Waste of money, stopped working after two days",negative
"Average quality, price is a bit high for what you get",neutral
"Super happy with the fit and the fabric feels premium",positive
"Customer service never responded to my complaint",negative
"Decent product, packaging could be better",neutral
"Exceeded my expectations, will buy again",positive
"Completely disappointed, not as described on the website",negative
"It's fine, works as expected, nothing to complain about",neutral
"Five stars, fast shipping and excellent build quality",positive
"Refund process took forever and no one helped me",negative
"Good enough for the price, would consider buying again",neutral
"Amazing customer support, resolved my issue instantly",positive
"Poor stitching, threads coming out within a week",negative
"Product matches description, delivery was on time",neutral
"This is now my favorite brand, consistently great quality",positive
"Never buying from here again, worst online experience",negative
"Packaging was fine, product performance is average",neutral
"Impressed with the durability and design",positive
"Received the wrong size and no one is helping me fix it",negative
"Standard quality, comparable to other brands at this price",neutral
"Quick delivery and the product works perfectly",positive
"Very cheap material, broke on first use",negative
"It works, but the instructions were unclear",neutral
"Loved the color and the fit, true to size",positive
"App crashed during checkout and charged me twice",negative
"Nothing wrong with it, just an ordinary product",neutral
